1297,13
485,14
1688,18
42,25
3745,28
3183,54
4295,63
917,70
1585,75
4222,81
3925,91
2525,92
4235,94
1212,98
1253,107
1165,108
449,115
2722,120
1652,122
4341,126
973,129
1713,141
1886,153
1572,159
4488,161
1018,162
1477,170
1587,171
4057,177
4140,179
3089,181
3118,190
4993,191
2574,195
3166,198
750,201
2940,204
1561,207
4351,218
672,222
1912,229
2890,238
760,242
3528,245
2233,247
4239,255
2476,262
3533,266
4193,272
2539,274
2404,278
1697,279
111,282
4555,293
2050,294
1012,303
3948,312
1735,313
2851,320
583,328
2937,332
615,334
4135,335
84,337
3512,341
4929,347
2179,348
1055,350
4862,354
3489,360
2825,365
1397,371
3312,378
2675,384
4145,387
2495,392
4151,400
1888,404
894,405
3815,407
2653,408
722,415
4742,421
1716,431
2617,434
2375,437
1825,443
4636,448
721,451
1265,452
2708,460
4916,468
1795,469
1928,472
4128,476
4321,478
1423,480
192,483
3687,486
3639,489
4562,494
1717,499
2838,501
4064,508
2001,513
2294,514
2311,517
1095,518
221,527
3600,529
3298,537
4588,538
4966,541
3186,544
1605,545
389,547
507,553
1377,558
2431,559
2686,569
1416,570
1101,577
949,580
4544,584
955,594
1748,595
851,596
172,604
2557,607
2668,613
2195,619
3930,630
3047,634
2071,644
1307,645
3572,646
4719,647
1119,648
4538,653
74,656
4400,657
3039,658
1791,660
3241,663
4256,666
2506,667
4047,670
1081,671
4424,675
3767,676
984,687
1957,694
2883,703
1155,711
795,713
2995,716
1563,717
2073,730
208,733
9,734
4476,736
2605,737
769,742
4060,743
3371,745
515,747
3208,749
4955,753
2748,757
490,764
2057,780
66,786
2210,792
628,793
1597,794
118,796
2117,798
2291,805
1740,807
2468,809
2958,811
4969,817
1724,818
4984,821
87,826
2302,829
943,831
2159,832
1234,833
2024,836
4614,845
4317,848
1872,854
4054,860
4751,868
2147,873
822,878
4401,897
3067,899
1365,901
1322,905
2856,907
4643,915
2058,916
2221,939
2553,945
3462,956
3855,961
3647,970
4571,980
622,985
4645,1004
4079,1007
2173,1017
4979,1019
2582,1020
1650,1027
1233,1030
128,1034
249,1041
180,1042
3806,1048
3271,1050
3702,1053
4595,1057
209,1084
2730,1097
3353,1099
3025,1104
4947,1106
3841,1111
2720,1112
3552,1114
331,1129
3024,1131
4820,1139
4437,1150
1292,1161
4580,1176
2772,1179
2950,1182
3003,1184
2197,1189
882,1193
543,1196
2711,1199
4354,1204
2638,1205
3464,1207
2815,1210
4824,1218
599,1219
3624,1221
4104,1232
1731,1246
1693,1259
4352,1262
1972,1266
3656,1267
1230,1269
3622,1278
707,1282
3305,1290
1270,1303
790,1305
2469,1306
3769,1311
3735,1314
3303,1315
853,1327
2963,1333
1358,1336
4861,1339
394,1345
1643,1348
3005,1352
4777,1354
2096,1356
166,1357
1616,1369
306,1370
3589,1374
3482,1380
3210,1388
1351,1398
2976,1399
1900,1406
3546,1409
1325,1411
3810,1413
3474,1414
1977,1419
2965,1424
1529,1426
2216,1427
4899,1432
1440,1436
3698,1439
4376,1443
4639,1447
1993,1451
4252,1458
824,1459
2926,1461
2391,1466
2551,1471
800,1476
1073,1486
759,1494
3872,1514
2559,1515
3747,1525
3585,1526
1391,1530
2287,1531
1495,1532
1704,1536
2956,1537
4879,1539
554,1543
2916,1550
1951,1551
2423,1558
2812,1559
2266,1566
4793,1574
40,1584
504,1588
1842,1589
1418,1590
3026,1600
4137,1611
329,1613
3479,1618
4576,1621
1917,1623
2736,1624
2396,1629
2944,1636
3035,1640
640,1648
890,1654
3797,1658
1684,1666
2842,1668
2399,1669
1044,1670
4552,1672
2784,1682
2869,1689
1694,1690
4870,1708
2205,1715
1720,1719
4821,1721
2914,1742
1157,1750
4144,1755
395,1758
1448,1763
307,1771
4990,1774
259,1781
3958,1782
820,1785
879,1787
212,1789
600,1799
4800,1800
2513,1806
4465,1807
4025,1812
3122,1820
4305,1822
578,1828
4853,1846
1289,1849
3781,1863
3596,1864
1308,1865
1870,1871
4572,1887
121,1899
3442,1902
929,1911
2056,1922
214,1926
4399,1934
3772,1935
1209,1939
2473,1945
2603,1946
1231,1954
2345,1959
4074,1960
3700,1967
642,1971
318,1978
708,1990
4149,2003
3837,2012
540,2019
4464,2020
3031,2021
2011,2026
1431,2031
3458,2034
1534,2039
3141,2049
2694,2052
3144,2059
2556,2066
4358,2070
488,2077
4307,2083
4479,2089
1021,2099
1137,2100
1776,2101
963,2104
3602,2120
44,2123
429,2125
3742,2127
3916,2135
4547,2138
1169,2139
4885,2142
461,2144
3690,2150
725,2154
442,2163
352,2168
34,2177
1283,2181
409,2183
3222,2189
4107,2192
3258,2194
4740,2204
1173,2207
2148,2217
1907,2220
493,2228
1614,2229
2253,2232
994,2243
3811,2254
3211,2262
2377,2263
978,2280
3171,2283
2,2285
3809,2290
539,2306
1338,2312
2859,2320
4353,2330
921,2334
4297,2335
669,2339
3739,2343
3961,2352
339,2360
2385,2365
1655,2369
1341,2372
2985,2382
69,2383
2649,2388
79,2395
2717,2408
295,2412
15,2414
2978,2419
391,2420
1519,2427
1685,2428
2328,2429
3505,2439
3375,2449
3980,2452
3347,2460
3937,2461
1072,2466
4257,2467
928,2470
4683,2471
147,2481
2301,2483
2036,2488
1092,2492
230,2496
4,2499
3696,2501
143,2518
2962,2522
3751,2530
2846,2531
3242,2532
3693,2541
3019,2543
3275,2546
4669,2547
923,2554
4756,2555
3871,2558
3497,2563
418,2570
1223,2573
202,2591
2534,2593
140,2597
564,2608
1838,2611
3737,2622
1319,2625
2586,2631
2898,2639
1924,2643
1622,2657
4153,2658
3004,2664
2281,2666
1645,2667
1489,2669
1783,2678
3919,2692
3147,2693
3634,2696
3248,2697
3854,2705
4626,2710
2209,2714
3307,2718
1125,2721
2521,2724
3638,2725
4568,2726
2006,2728
2727,2729
4785,2740
125,2749
267,2752
3203,2753
4278,2758
1248,2759
3362,2760
1851,2765
1211,2768
370,2774
4792,2779
3868,2780
184,2781
216,2783
885,2785
2094,2791
862,2796
4272,2797
1298,2800
1065,2801
157,2806
4173,2807
4453,2811
1595,2814
4212,2822
4612,2823
813,2827
816,2829
4613,2840
2248,2852
953,2865
3679,2866
3099,2868
2411,2878
4866,2881
1868,2888
4378,2893
2199,2895
276,2897
3864,2909
1335,2911
2946,2912
2126,2915
2565,2917
3856,2918
2550,2919
3649,2920
4117,2921
4076,2923
1128,2924
2982,2929
1332,2930
1564,2938
2116,2941
1118,2952
4780,2953
606,2960
3225,2961
728,2964
1991,2967
35,2973
2029,2980
444,3001
4028,3018
519,3027
4888,3029
3151,3030
4344,3033
2447,3034
2644,3036
983,3038
4132,3040
936,3042
3556,3056
3451,3063
4972,3070
2626,3071
1723,3072
2453,3075
4956,3086
1192,3092
498,3098
975,3101
3085,3102
4067,3105
4473,3107
4537,3108
2425,3119
3325,3123
3429,3127
413,3128
2850,3129
3304,3133
779,3139
3255,3149
3279,3150
4658,3154
3931,3155
819,3157
2677,3160
3341,3170
3555,3172
4080,3173
2864,3174
4906,3182
4617,3184
3344,3187
58,3194
1756,3198
3257,3200
2333,3201
1087,3204
4541,3220
4704,3226
2198,3232
767,3233
3011,3235
1906,3240
4897,3246
3994,3268
4928,3272
1404,3289
1215,3291
1120,3301
3518,3315
1927,3319
2007,3335
1457,3337
3114,3338
3706,3340
3944,3342
4350,3343
2048,3349
1507,3356
1058,3361
1310,3365
1088,3370
1840,3373
1224,3374
1747,3377
4435,3381
3143,3382
4110,3388
1175,3389
3869,3392
1383,3395
2122,3397
1794,3399
215,3402
3615,3404
3113,3408
4205,3411
1626,3416
3350,3418
62,3424
4902,3425
3280,3426
1287,3438
254,3461
1711,3465
163,3471
1373,3480
914,3484
2422,3500
770,3503
2782,3504
4502,3509
1294,3511
422,3530
1300,3539
2244,3551
2418,3554
2128,3559
4459,3560
4101,3566
2709,3567
3376,3570
2764,3573
258,3574
4335,3576
591,3578
1874,3580
551,3583
4877,3595
2707,3609
3120,3614
4852,3631
2527,3636
1285,3640
2996,3652
4700,3653
2171,3666
1393,3669
825,3673
3947,3676
1102,3681
4170,3683
4965,3691
3514,3692
1895,3695
3441,3697
1422,3704
3485,3707
4924,3708
2201,3710
1359,3712
241,3719
579,3725
1985,3726
2255,3732
840,3734
4554,3738
2151,3744
4108,3754
3895,3756
2069,3757
2858,3763
744,3765
1046,3775
3842,3782
1320,3783
4575,3800
1014,3816
430,3834
2676,3835
1442,3836
2979,3839
51,3851
1897,3853
589,3863
2945,3875
4450,3880
4490,3881
974,3887
2561,3892
1570,3897
2742,3905
3760,3907
677,3914
512,3917
1025,3920
2124,3922
4819,3923
2616,3924
4649,3929
43,3946
1115,3949
1869,3954
3597,3955
1502,3960
1775,3966
136,3974
4345,4002
3310,4004
2406,4008
382,4011
3422,4013
2776,4014
2870,4017
2341,4021
1905,4024
523,4026
4202,4027
1429,4030
3167,4032
176,4036
4818,4042
3976,4044
1892,4045
3527,4059
4460,4062
735,4063
455,4073
3339,4075
3140,4078
871,4083
474,4086
3045,4090
1976,4096
4526,4097
1966,4102
597,4103
3028,4106
1556,4109
2786,4111
3012,4119
3828,4131
2028,4133
756,4138
3111,4141
4007,4142
2319,4150
815,4152
4215,4154
2451,4160
4091,4162
4462,4168
4324,4172
1565,4184
1506,4188
1575,4198
1366,4204
3090,4206
1214,4211
731,4213
4167,4219
3283,4221
3294,4238
3799,4244
2055,4248
2987,4258
1577,4259
3207,4261
427,4268
3293,4270
2153,4271
4521,4274
4908,4275
2298,4280
1408,4289
4249,4290
1779,4292
2517,4294
1981,4296
2922,4298
4370,4299
3951,4300
4127,4304
4269,4306
3761,4308
4865,4312
1657,4314
4942,4319
2989,4320
2405,4322
3664,4325
906,4329
1619,4331
2604,4334
182,4340
4483,4346
4875,4349
289,4357
109,4360
236,4363
2303,4366
3209,4381
4651,4384
1894,4385
4615,4390
3548,4392
2817,4393
1216,4396
1664,4403
1302,4405
4327,4408
3805,4410
285,4416
705,4417
2832,4419
374,4425
4176,4427
801,4430
1113,4433
3723,4436
3926,4438
3617,4441
4842,4449
2424,4455
947,4466
3755,4468
704,4474
1620,4477
1387,4480
4991,4495
2371,4504
2844,4508
2763,4509
4745,4510
772,4511
4556,4519
2381,4522
942,4533
1639,4534
1630,4536
4909,4539
2086,4551
223,4558
145,4566
0,4578
2109,4579
4896,4590
1882,4591
4638,4592
4738,4598
924,4599
2585,4600
4859,4625
4359,4628
2009,4637
3327,4644
270,4647
4661,4650
2387,4672
1596,4675
1417,4676
1634,4689
1743,4692
4291,4695
1011,4697
3316,4708
2093,4711
1649,4713
1070,4714
3746,4718
4864,4730
1498,4731
2802,4747
366,4752
1837,4762
4663,4763
1582,4765
3064,4783
2030,4790
1919,4797
3607,4799
2053,4804
2560,4807
2091,4808
149,4809
3945,4813
1521,4827
11,4830
2132,4834
4616,4838
3629,4843
1323,4856
3667,4857
3437,4863
4685,4868
2440,4871
900,4880
967,4891
996,4901
4953,4903
684,4905
746,4918
709,4923
1121,4927
3037,4945
3423,4949
3219,4981
2010,4982
846,4983
4428,4987
3367,4988
3996,4992
1610,4997
691,4998
3132,[]
383,[]
4112,[]
3776,[]
797,[]
1,[]
1047,[]
2679,[]
3093,[]
4146,[]
4703,[]
926,[]
3844,[]
1759,[]
88,[]
2326,[]
2240,[]
3433,[]
1975,[]
3135,[]
4196,[]
3789,[]
1968,[]
1255,[]
4377,[]
689,[]
4874,[]
623,[]
3163,[]
4432,[]
4178,[]
4749,[]
4951,[]
3230,[]
280,[]
2614,[]
305,[]
3519,[]
4542,[]
2172,[]
3190,[]
2261,[]
4582,[]
3788,[]
2663,[]
240,[]
1024,[]
4940,[]
1123,[]
3699,[]
3729,[]
2691,[]
3893,[]
1676,[]
1663,[]
4048,[]
4039,[]
2524,[]
895,[]
38,[]
4501,[]
4646,[]
3300,[]
3978,[]
781,[]
1816,[]
1734,[]
3840,[]
4503,[]
1251,[]
3645,[]
3060,[]
4517,[]
981,[]
381,[]
693,[]
1003,[]
1821,[]
1482,[]
4623,[]
1808,[]
1578,[]
3292,[]
2046,[]
1955,[]
1281,[]
3590,[]
4061,[]
2933,[]
4120,[]
4729,[]
3821,[]
4666,[]
326,[]
1168,[]
4505,[]
4500,[]
1757,[]
453,[]
132,[]
3494,[]
3161,[]
2834,[]
419,[]
3658,[]
4186,[]
576,[]
962,[]
3413,[]
2771,[]
4699,[]
1279,[]
4723,[]
3720,[]
1989,[]
1813,[]
3126,[]
269,[]
3965,[]
3545,[]
1126,[]
2580,[]
3993,[]
2225,[]
4451,[]
3176,[]
4806,[]
1823,[]
1286,[]
4000,[]
1773,[]
4583,[]
2064,[]
2932,[]
1593,[]
4640,[]
3510,[]
2599,[]
210,[]
3229,[]
1060,[]
3934,[]
4175,[]
2297,[]
2695,[]
1831,[]
1142,[]
3453,[]
467,[]
4231,[]
2572,[]
116,[]
2816,[]
1037,[]
1604,[]
3273,[]
1273,[]
2545,[]
2737,[]
1772,[]
2384,[]
1916,[]
1686,[]
2848,[]
2162,[]
3598,[]
4218,[]
1500,[]
4398,[]
4023,[]
3457,[]
4207,[]
808,[]
4282,[]
678,[]
4574,[]
3227,[]
3006,[]
3565,[]
1235,[]
3331,[]
396,[]
3366,[]
3722,[]
357,[]
2751,[]
3477,[]
1696,[]
4414,[]
1683,[]
4203,[]
1492,[]
2407,[]
1752,[]
4126,[]
3824,[]
732,[]
532,[]
1915,[]
626,[]
1237,[]
4369,[]
3383,[]
2044,[]
1052,[]
4869,[]
741,[]
3950,[]
2794,[]
4851,[]
2441,[]
4910,[]
4550,[]
317,[]
4886,[]
458,[]
2239,[]
1326,[]
219,[]
3677,[]
3544,[]
4199,[]
3223,[]
1167,[]
117,[]
2444,[]
1117,[]
2067,[]
308,[]
3057,[]
2445,[]
173,[]
2701,[]
1830,[]
4732,[]
4388,[]
3023,[]
839,[]
909,[]
4889,[]
4243,[]
3542,[]
506,[]
2790,[]
1517,[]
4753,[]
4826,[]
4934,[]
1236,[]
635,[]
2186,[]
1015,[]
4720,[]
1444,[]
19,[]
698,[]
3568,[]
473,[]
1546,[]
1930,[]
2180,[]
2068,[]
4941,[]
1000,[]
3632,[]
447,[]
4065,[]
4019,[]
874,[]
1986,[]
2882,[]
3000,[]
4209,[]
976,[]
416,[]
4223,[]
4917,[]
536,[]
2079,[]
4960,[]
3320,[]
3750,[]
2386,[]
55,[]
3274,[]
3080,[]
1730,[]
1586,[]
2519,[]
4323,[]
3082,[]
2899,[]
2033,[]
3420,[]
590,[]
65,[]
2359,[]
3857,[]
3686,[]
2818,[]
1299,[]
1606,[]
2981,[]
2894,[]
2323,[]
2910,[]
3888,[]
1238,[]
904,[]
3287,[]
3938,[]
2121,[]
866,[]
2731,[]
4444,[]
872,[]
2227,[]
1809,[]
3862,[]
2641,[]
211,[]
1958,[]
3002,[]
1737,[]
1703,[]
4608,[]
592,[]
1453,[]
2230,[]
4837,[]
3483,[]
934,[]
4540,[]
4664,[]
754,[]
2526,[]
1969,[]
3928,[]
639,[]
1260,[]
4380,[]
4171,[]
20,[]
487,[]
3263,[]
3575,[]
865,[]
1318,[]
4609,[]
4442,[]
1098,[]
2974,[]
1522,[]
131,[]
3390,[]
471,[]
3326,[]
2688,[]
4829,[]
4860,[]
2202,[]
2671,[]
4803,[]
231,[]
2509,[]
2629,[]
3095,[]
205,[]
2610,[]
1100,[]
4549,[]
2713,[]
3601,[]
496,[]
4010,[]
3185,[]
2038,[]
1470,[]
2998,[]
884,[]
4337,[]
77,[]
3179,[]
3078,[]
3616,[]
4618,[]
2288,[]
1080,[]
283,[]
4482,[]
298,[]
4712,[]
2392,[]
90,[]
1331,[]
4046,[]
3410,[]
4374,[]
2047,[]
2640,[]
4736,[]
2820,[]
186,[]
2118,[]
1511,[]
3874,[]
3612,[]
4743,[]
27,[]
1143,[]
1430,[]
3264,[]
2928,[]
3015,[]
33,[]
2821,[]
4386,[]
466,[]
4958,[]
2766,[]
3796,[]
2544,[]
668,[]
2421,[]
2536,[]
2200,[]
3973,[]
24,[]
1718,[]
439,[]
571,[]
4124,[]
4589,[]
110,[]
432,[]
2054,[]
2620,[]
2252,[]
1045,[]
441,[]
1028,[]
4273,[]
3630,[]
1780,[]
4020,[]
2673,[]
1296,[]
2098,[]
3245,[]
3050,[]
858,[]
3876,[]
986,[]
2158,[]
2491,[]
227,[]
2480,[]
2670,[]
3770,[]
2346,[]
3777,[]
4139,[]
3384,[]
2080,[]
64,[]
624,[]
1790,[]
2970,[]
719,[]
137,[]
4262,[]
4641,[]
3501,[]
727,[]
3455,[]
3581,[]
4817,[]
12,[]
4964,[]
239,[]
4049,[]
2475,[]
3906,[]
3224,[]
3903,[]
863,[]
2218,[]
4610,[]
3637,[]
4413,[]
1497,[]
3493,[]
3348,[]
2040,[]
36,[]
1202,[]
4741,[]
3156,[]
4404,[]
3786,[]
3041,[]
565,[]
1876,[]
3516,[]
4973,[]
4457,[]
385,[]
4904,[]
397,[]
1334,[]
3730,[]
4003,[]
585,[]
2986,[]
1913,[]
3831,[]
4485,[]
1164,[]
4710,[]
1698,[]
3582,[]
414,[]
582,[]
1329,[]
2630,[]
1538,[]
1313,[]
4907,[]
257,[]
2769,[]
3825,[]
2145,[]
220,[]
1929,[]
1810,[]
3054,[]
1074,[]
2689,[]
127,[]
1195,[]
3759,[]
3773,[]
263,[]
1344,[]
2810,[]
3016,[]
315,[]
1508,[]
814,[]
1896,[]
3405,[]
1867,[]
322,[]
850,[]
4656,[]
252,[]
1441,[]
4688,[]
4281,[]
1609,[]
2309,[]
1560,[]
4744,[]
3061,[]
843,[]
3804,[]
3414,[]
993,[]
3526,[]
3962,[]
2732,[]
1632,[]
53,[]
568,[]
3164,[]
4935,[]
4016,[]
4147,[]
2528,[]
4794,[]
4772,[]
791,[]
287,[]
4513,[]
4217,[]
2129,[]
3352,[]
1646,[]
2977,[]
3032,[]
2110,[]
3073,[]
1834,[]
612,[]
1528,[]
4577,[]
2502,[]
4570,[]
3486,[]
4748,[]
3628,[]
1107,[]
364,[]
1841,[]
1076,[]
2746,[]
2754,[]
2165,[]
4114,[]
4761,[]
4263,[]
1567,[]
2901,[]
3145,[]
2908,[]
1043,[]
3541,[]
2276,[]
4670,[]
989,[]
2927,[]
3351,[]
3608,[]
2108,[]
898,[]
3450,[]
2841,[]
2549,[]
2803,[]
3517,[]
3359,[]
3780,[]
1340,[]
1342,[]
71,[]
1535,[]
771,[]
557,[]
3992,[]
3466,[]
2279,[]
761,[]
3918,[]
3130,[]
4883,[]
2327,[]
3988,[]
2486,[]
2364,[]
3830,[]
1145,[]
803,[]
1187,[]
1032,[]
2957,[]
302,[]
4383,[]
3498,[]
1948,[]
4931,[]
4157,[]
2886,[]
3270,[]
4659,[]
3007,[]
1764,[]
610,[]
697,[]
1268,[]
1798,[]
2876,[]
3807,[]
3249,[]
3718,[]
1883,[]
2578,[]
4330,[]
4679,[]
910,[]
344,[]
3534,[]
1264,[]
2588,[]
3260,[]
4768,[]
992,[]
2074,[]
4347,[]
3909,[]
4368,[]
1130,[]
1738,[]
1355,[]
4746,[]
375,[]
3547,[]
842,[]
3626,[]
1627,[]
3537,[]
1077,[]
237,[]
4532,[]
2849,[]
4187,[]
2185,[]
4892,[]
802,[]
4635,[]
362,[]
1962,[]
4954,[]
883,[]
4230,[]
2500,[]
778,[]
972,[]
1909,[]
2432,[]
2332,[]
368,[]
2508,[]
4881,[]
2706,[]
908,[]
3674,[]
827,[]
1633,[]
2951,[]
1628,[]
3829,[]
3798,[]
2271,[]
1190,[]
3817,[]
2131,[]
4939,[]
2355,[]
2443,[]
2035,[]
3459,[]
4764,[]
1206,[]
4694,[]
2187,[]
1420,[]
1818,[]
2805,[]
4705,[]
3520,[]
4260,[]
156,[]
2636,[]
1898,[]
4478,[]
4006,[]
3421,[]
47,[]
3456,[]
1124,[]
197,[]
2571,[]
4022,[]
244,[]
4085,[]
2325,[]
998,[]
4254,[]
752,[]
1272,[]
1026,[]
3605,[]
1295,[]
3902,[]
264,[]
2661,[]
2700,[]
561,[]
2690,[]
1490,[]
2650,[]
1617,[]
3440,[]
4890,[]
3162,[]
762,[]
3238,[]
2931,[]
4051,[]
4440,[]
2529,[]
4053,[]
1625,[]
2652,[]
3982,[]
4560,[]
681,[]
4584,[]
766,[]
951,[]
4921,[]
3106,[]
1469,[]
3074,[]
3309,[]
4362,[]
3415,[]
3968,[]
1284,[]
3180,[]
4279,[]
4382,[]
3521,[]
2174,[]
3762,[]
889,[]
2435,[]
4058,[]
4586,[]
4179,[]
548,[]
3721,[]
4996,[]
4914,[]
89,[]
3069,[]
2169,[]
324,[]
5,[]
1361,[]
4005,[]
1241,[]
2222,[]
1997,[]
2085,[]
1407,[]
2041,[]
977,[]
1518,[]
3886,[]
2206,[]
1239,[]
1766,[]
4043,[]
4776,[]
256,[]
1481,[]
4873,[]
891,[]
2601,[]
1061,[]
3010,[]
2097,[]
3793,[]
1661,[]
1079,[]
3618,[]
3328,[]
1194,[]
937,[]
3790,[]
4395,[]
2025,[]
1372,[]
4240,[]
1185,[]
1918,[]
1802,[]
224,[]
4648,[]
869,[]
4682,[]
2788,[]
138,[]
935,[]
6,[]
776,[]
3717,[]
3689,[]
3282,[]
758,[]
1452,[]
291,[]
3940,[]
1873,[]
1170,[]
1462,[]
4234,[]
1244,[]
3334,[]
3409,[]
1827,[]
275,[]
4288,[]
265,[]
2778,[]
3020,[]
3784,[]
1316,[]
3,[]
124,[]
1705,[]
464,[]
2902,[]
4936,[]
1878,[]
838,[]
3169,[]
3387,[]
755,[]
3134,[]
450,[]
2889,[]
4189,[]
3865,[]
2045,[]
892,[]
4397,[]
1848,[]
3999,[]
3146,[]
2612,[]
3774,[]
4812,[]
2321,[]
1847,[]
3611,[]
1601,[]
1364,[]
2282,[]
1059,[]
3407,[]
3952,[]
4970,[]
1701,[]
2633,[]
2607,[]
2156,[]
695,[]
4367,[]
4034,[]
1375,[]
169,[]
102,[]
1135,[]
1454,[]
253,[]
912,[]
3236,[]
2366,[]
2698,[]
2289,[]
3076,[]
3215,[]
433,[]
3808,[]
2296,[]
1086,[]
1777,[]
3153,[]
535,[]
4486,[]
3991,[]
893,[]
4123,[]
1921,[]
1493,[]
4846,[]
2892,[]
4177,[]
4727,[]
1581,[]
4878,[]
4313,[]
142,[]
4303,[]
903,[]
856,[]
3771,[]
787,[]
174,[]
784,[]
3059,[]
2994,[]
782,[]
1843,[]
3360,[]
4559,[]
954,[]
2787,[]
1803,[]
2891,[]
1996,[]
636,[]
555,[]
2437,[]
2112,[]
2867,[]
2756,[]
3703,[]
3125,[]
1201,[]
399,[]
4165,[]
3659,[]
2278,[]
2939,[]
3724,[]
2590,[]
3355,[]
194,[]
1722,[]
1615,[]
4882,[]
8,[]
1450,[]
3507,[]
1937,[]
2277,[]
828,[]
1660,[]
4265,[]
2533,[]
3890,[]
95,[]
32,[]
462,[]
4781,[]
3995,[]
2595,[]
1712,[]
3959,[]
2592,[]
1172,[]
438,[]
1509,[]
4527,[]
2954,[]
3515,[]
1280,[]
425,[]
4070,[]
4192,[]
1064,[]
4975,[]
4770,[]
4364,[]
4630,[]
3137,[]
3369,[]
3694,[]
4967,[]
1923,[]
3716,[]
4315,[]
358,[]
206,[]
2212,[]
1982,[]
4815,[]
2618,[]
3970,[]
3488,[]
2512,[]
4937,[]
1943,[]
1379,[]
4507,[]
1456,[]
586,[]
4946,[]
356,[]
2646,[]
130,[]
1159,[]
2757,[]
1727,[]
2880,[]
4489,[]
3470,[]
3447,[]
4524,[]
4529,[]
3644,[]
4655,[]
3766,[]
4041,[]
4782,[]
2900,[]
3672,[]
4375,[]
1136,[]
1504,[]
4593,[]
3594,[]
292,[]
2258,[]
1855,[]
353,[]
2465,[]
56,[]
3491,[]
649,[]
2523,[]
3386,[]
3663,[]
1513,[]
3448,[]
1147,[]
1936,[]
3867,[]
4654,[]
3430,[]
1963,[]
273,[]
526,[]
2272,[]
3641,[]
3266,[]
39,[]
2106,[]
1068,[]
3181,[]
3357,[]
4611,[]
2969,[]
316,[]
3985,[]
3013,[]
810,[]
3963,[]
3822,[]
1312,[]
1770,[]
2402,[]
3908,[]
982,[]
349,[]
4038,[]
4760,[]
4225,[]
2984,[]
1437,[]
1321,[]
1938,[]
2943,[]
3587,[]
4423,[]
3116,[]
1180,[]
4920,[]
4687,[]
2750,[]
520,[]
3460,[]
605,[]
4208,[]
2087,[]
1520,[]
1222,[]
2716,[]
3175,[]
920,[]
10,[]
3084,[]
3964,[]
1434,[]
2567,[]
4491,[]
1049,[]
4033,[]
715,[]
3177,[]
3671,[]
4105,[]
1403,[]
4084,[]
4667,[]
1472,[]
2350,[]
4952,[]
1347,[]
2497,[]
167,[]
3540,[]
1796,[]
3062,[]
2609,[]
763,[]
3487,[]
3202,[]
3290,[]
4673,[]
3053,[]
4822,[]
2259,[]
4163,[]
3801,[]
2143,[]
1710,[]
3436,[]
1793,[]
4805,[]
4516,[]
2687,[]
3097,[]
1638,[]
3849,[]
4082,[]
1562,[]
2061,[]
1675,[]
1732,[]
3989,[]
563,[]
2446,[]
1460,[]
2819,[]
3231,[]
3432,[]
4071,[]
650,[]
922,[]
393,[]
1220,[]
2013,[]
3826,[]
3221,[]
2799,[]
2175,[]
1263,[]
4734,[]
503,[]
1592,[]
1890,[]
311,[]
3884,[]
1006,[]
4642,[]
1573,[]
1428,[]
246,[]
3014,[]
930,[]
4546,[]
859,[]
106,[]
2267,[]
1642,[]
3391,[]
3883,[]
2874,[]
1376,[]
67,[]
714,[]
4585,[]
620,[]
4448,[]
1475,[]
3848,[]
1078,[]
4498,[]
3846,[]
4422,[]
2887,[]
4155,[]
4565,[]
3329,[]
3564,[]
2065,[]
1277,[]
999,[]
457,[]
2190,[]
72,[]
1317,[]
3682,[]
1998,[]
2463,[]
2674,[]
3506,[]
1692,[]
2934,[]
4603,[]
573,[]
2681,[]
193,[]
4372,[]
3322,[]
4481,[]
4494,[]
4847,[]
4602,[]
4338,[]
1226,[]
1353,[]
2733,[]
2845,[]
2983,[]
4994,[]
17,[]
1227,[]
510,[]
1765,[]
3620,[]
248,[]
765,[]
2873,[]
2587,[]
661,[]
1158,[]
3427,[]
2837,[]
1904,[]
3188,[]
1487,[]
2274,[]
1739,[]
683,[]
4791,[]
2370,[]
1542,[]
2833,[]
3778,[]
16,[]
4893,[]
4115,[]
4069,[]
991,[]
1933,[]
146,[]
2390,[]
2292,[]
4077,[]
3439,[]
1754,[]
3152,[]
1767,[]
1022,[]
1186,[]
3536,[]
812,[]
844,[]
4394,[]
4627,[]
552,[]
3481,[]
3049,[]
1760,[]
4389,[]
1425,[]
2295,[]
1243,[]
319,[]
1503,[]
4607,[]
440,[]
4277,[]
2997,[]
4200,[]
3017,[]
4035,[]
1396,[]
346,[]
2380,[]
4087,[]
2247,[]
2621,[]
1965,[]
4355,[]
4778,[]
4130,[]
4267,[]
4095,[]
492,[]
2394,[]
2022,[]
4758,[]
2340,[]
3889,[]
3324,[]
1547,[]
4671,[]
601,[]
2745,[]
4406,[]
2231,[]
2835,[]
1394,[]
3891,[]
3449,[]
2514,[]
3394,[]
2336,[]
1826,[]
2589,[]
2078,[]
2042,[]
338,[]
3900,[]
3662,[]
2398,[]
2738,[]
3613,[]
1390,[]
1953,[]
849,[]
2739,[]
2223,[]
3748,[]
700,[]
4737,[]
3752,[]
4266,[]
3603,[]
4795,[]
2141,[]
525,[]
1554,[]
1382,[]
1178,[]
2619,[]
1090,[]
4420,[]
932,[]
655,[]
1714,[]
4543,[]
4309,[]
1198,[]
4722,[]
2409,[]
1103,[]
3313,[]
3008,[]
2313,[]
3096,[]
2862,[]
3051,[]
1433,[]
158,[]
4116,[]
4407,[]
1304,[]
1836,[]
3467,[]
3066,[]
1152,[]
1362,[]
4242,[]
4594,[]
296,[]
398,[]
3148,[]
875,[]
1378,[]
3912,[]
1479,[]
3969,[]
3814,[]
4898,[]
2504,[]
361,[]
3345,[]
3403,[]
101,[]
3592,[]
3794,[]
941,[]
2949,[]
4286,[]
3205,[]
2627,[]
1491,[]
739,[]
2826,[]
3385,[]
4706,[]
1678,[]
3379,[]
2430,[]
3795,[]
4098,[]
4454,[]
3939,[]
1594,[]
4447,[]
3021,[]
139,[]
823,[]
3330,[]
2735,[]
2885,[]
3678,[]
1395,[]
4634,[]
1258,[]
4721,[]
1371,[]
2005,[]
521,[]
1056,[]
3684,[]
1122,[]
477,[]
4798,[]
1541,[]
4662,[]
1174,[]
913,[]
1707,[]
1792,[]
3022,[]
233,[]
3977,[]
1875,[]
3715,[]
3206,[]
1346,[]
2224,[]
2363,[]
4232,[]
403,[]
4767,[]
4227,[]
3651,[]
3400,[]
3550,[]
1023,[]
4726,[]
1438,[]
1961,[]
4015,[]
3714,[]
2415,[]
3473,[]
3286,[]
114,[]
3121,[]
2337,[]
4365,[]
2454,[]
4253,[]
2871,[]
4922,[]
4784,[]
4926,[]
1970,[]
225,[]
3191,[]
2015,[]
4148,[]
2114,[]
1647,[]
946,[]
1656,[]
3428,[]
4629,[]
2548,[]
1908,[]
3586,[]
788,[]
4894,[]
152,[]
1229,[]
3444,[]
4624,[]
2462,[]
1105,[]
4099,[]
1751,[]
1094,[]
1852,[]
3584,[]
2804,[]
3619,[]
1016,[]
2905,[]
4925,[]
52,[]
1063,[]
2393,[]
4545,[]
2348,[]
3109,[]
3943,[]
4276,[]
1914,[]
3332,[]
774,[]
151,[]
4563,[]
3368,[]
1291,[]
1496,[]
857,[]
185,[]
4161,[]
1944,[]
3941,[]
31,[]
4037,[]
4976,[]
2032,[]
2487,[]
2324,[]
768,[]
3685,[]
1368,[]
411,[]
4201,[]
1200,[]
1973,[]
4944,[]
1569,[]
3885,[]
2357,[]
3311,[]
4557,[]
4597,[]
562,[]
720,[]
1449,[]
2203,[]
4191,[]
3502,[]
4228,[]
1591,[]
2634,[]
1599,[]
4081,[]
199,[]
148,[]
4978,[]
1880,[]
1854,[]
3538,[]
690,[]
4040,[]
4855,[]
3910,[]
3250,[]
3543,[]
4814,[]
2184,[]
4977,[]
1153,[]
2793,[]
738,[]
3372,[]
1983,[]
2354,[]
659,[]
2566,[]
4287,[]
1140,[]
3117,[]
1889,[]
3975,[]
1249,[]
3531,[]
1363,[]
2680,[]
3979,[]
2196,[]
3650,[]
301,[]
2353,[]
3657,[]
144,[]
979,[]
188,[]
3741,[]
2770,[]
3244,[]
988,[]
867,[]
1054,[]
4774,[]
4301,[]
4471,[]
1644,[]
3091,[]
1203,[]
1435,[]
777,[]
2660,[]
987,[]
3758,[]
952,[]
556,[]
3081,[]
1762,[]
1468,[]
1116,[]
855,[]
4728,[]
1392,[]
4169,[]
2809,[]
446,[]
3380,[]
45,[]
1736,[]
1974,[]
4919,[]
342,[]
2581,[]
3972,[]
1769,[]
834,[]
1980,[]
4236,[]
1706,[]
4402,[]
1330,[]
4844,[]
112,[]
271,[]
4443,[]
4678,[]
1242,[]
614,[]
3265,[]
1256,[]
1181,[]
861,[]
2947,[]
4247,[]
602,[]
3406,[]
4932,[]
96,[]
2999,[]
3792,[]
1197,[]
3956,[]
1988,[]
1162,[]
1360,[]
1680,[]
4283,[]
4887,[]
664,[]
2331,[]
3921,[]
880,[]
2450,[]
1745,[]
2299,[]
2113,[]
1811,[]
1252,[]
97,[]
1463,[]
7,[]
3364,[]
1832,[]
3577,[]
919,[]
3079,[]
165,[]
2378,[]
2975,[]
3197,[]
1245,[]
4707,[]
662,[]
491,[]
299,[]
1893,[]
2854,[]
1797,[]
1920,[]
1879,[]
2304,[]
150,[]
3214,[]
3986,[]
2542,[]
135,[]
2503,[]
1956,[]
997,[]
3861,[]
164,[]
2972,[]
2075,[]
2264,[]
1038,[]
4786,[]
1505,[]
931,[]
2140,[]
3984,[]
2855,[]
48,[]
4181,[]
4684,[]
4816,[]
2329,[]
841,[]
4197,[]
304,[]
2269,[]
4779,[]
2860,[]
1141,[]
3866,[]
343,[]
958,[]
641,[]
1108,[]
4693,[]
1700,[]
1293,[]
1671,[]
609,[]
78,[]
3850,[]
2268,[]
2257,[]
3859,[]
1040,[]
3476,[]
321,[]
2389,[]
4475,[]
3234,[]
2472,[]
4229,[]
3216,[]
297,[]
2464,[]
1328,[]
2002,[]
426,[]
3142,[]
2872,[]
925,[]
1008,[]
3785,[]
234,[]
1146,[]
2761,[]
3243,[]
1829,[]
1039,[]
288,[]
1349,[]
2672,[]
888,[]
2813,[]
1931,[]
119,[]
4220,[]
2510,[]
1154,[]
2081,[]
1687,[]
3317,[]
4523,[]
1861,[]
692,[]
3378,[]
1866,[]
4581,[]
1499,[]
3446,[]
4356,[]
4293,[]
1096,[]
1733,[]
531,[]
598,[]
1744,[]
4250,[]
4316,[]
2376,[]
3818,[]
2744,[]
1381,[]
2699,[]
2146,[]
2853,[]
60,[]
123,[]
1171,[]
1925,[]
632,[]
2594,[]
2632,[]
575,[]
3131,[]
1987,[]
3787,[]
3882,[]
4512,[]
3088,[]
887,[]
1814,[]
2027,[]
3625,[]
3297,[]
2178,[]
327,[]
2562,[]
155,[]
3591,[]
1662,[]
2344,[]
3490,[]
588,[]
2318,[]
2831,[]
2119,[]
3434,[]
2606,[]
3621,[]
3237,[]
2602,[]
2457,[]
428,[]
1860,[]
314,[]
2971,[]
1510,[]
3971,[]
412,[]
4858,[]
2373,[]
2520,[]
4773,[]
3820,[]
2830,[]
1544,[]
3879,[]
1679,[]
4553,[]
3898,[]
785,[]
2839,[]
3165,[]
4431,[]
3417,[]
435,[]
4696,[]
3193,[]
4379,[]
2478,[]
4164,[]
2161,[]
3705,[]
4342,[]
1549,[]
530,[]
990,[]
310,[]
2777,[]
3878,[]
3675,[]
3561,[]
2847,[]
550,[]
4825,[]
2795,[]
3302,[]
196,[]
4531,[]
2111,[]
4657,[]
2000,[]
4233,[]
1553,[]
4052,[]
911,[]
1699,[]
718,[]
1804,[]
4680,[]
49,[]
2236,[]
4957,[]
1659,[]
643,[]
4701,[]
3532,[]
286,[]
1859,[]
4915,[]
3733,[]
4472,[]
2875,[]
1035,[]
2362,[]
2442,[]
3295,[]
4118,[]
4620,[]
2004,[]
3192,[]
1410,[]
1001,[]
80,[]
2535,[]
2575,[]
2102,[]
2347,[]
372,[]
250,[]
509,[]
1036,[]
3115,[]
3845,[]
729,[]
2286,[]
4224,[]
2682,[]
2308,[]
4832,[]
4434,[]
2511,[]
330,[]
2992,[]
712,[]
1702,[]
1903,[]
3819,[]
789,[]
4702,[]
3354,[]
4652,[]
281,[]
902,[]
379,[]
3904,[]
3048,[]
4739,[]
1839,[]
581,[]
1691,[]
1402,[]
4089,[]
3469,[]
2400,[]
1749,[]
497,[]
4528,[]
1151,[]
390,[]
4387,[]
4255,[]
3288,[]
37,[]
2167,[]
4520,[]
2552,[]
3159,[]
1275,[]
799,[]
1385,[]
260,[]
2188,[]
4066,[]
1455,[]
1474,[]
2568,[]
3802,[]
2906,[]
1819,[]
881,[]
495,[]
4525,[]
3046,[]
4686,[]
1801,[]
621,[]
1274,[]
3195,[]
50,[]
4113,[]
1850,[]
2913,[]
3508,[]
424,[]
41,[]
2273,[]
3852,[]
2133,[]
4716,[]
3419,[]
4328,[]
4463,[]
3563,[]
3990,[]
1580,[]
3957,[]
4339,[]
2300,[]
4166,[]
4691,[]
1240,[]
3803,[]
1091,[]
2193,[]
806,[]
4125,[]
3281,[]
309,[]
2647,[]
1480,[]
740,[]
2426,[]
4933,[]
2368,[]
4835,[]
3610,[]
2935,[]
1208,[]
3306,[]
702,[]
4709,[]
3562,[]
1949,[]
4246,[]
2925,[]
4606,[]
4456,[]
2436,[]
4245,[]
3435,[]
524,[]
82,[]
3604,[]
4573,[]
4100,[]
1148,[]
1637,[]
2448,[]
1177,[]
1548,[]
3218,[]
1964,[]
1786,[]
4129,[]
2583,[]
2808,[]
502,[]
1082,[]
1257,[]
4302,[]
1144,[]
3646,[]
593,[]
4174,[]
4622,[]
3688,[]
2569,[]
1183,[]
3823,[]
3094,[]
3513,[]
2474,[]
100,[]
560,[]
4264,[]
4159,[]
1999,[]
686,[]
57,[]
3727,[]
2743,[]
4484,[]
1583,[]
1540,[]
3267,[]
1523,[]
1389,[]
2484,[]
2416,[]
2505,[]
964,[]
1062,[]
1856,[]
4840,[]
3247,[]
178,[]
154,[]
959,[]
1571,[]
217,[]
4968,[]
2438,[]
2023,[]
3768,[]
4971,[]
4072,[]
1127,[]
4950,[]
1533,[]
1677,[]
4938,[]
3661,[]
406,[]
944,[]
351,[]
960,[]
3648,[]
1603,[]
4715,[]
1673,[]
618,[]
3228,[]
4237,[]
673,[]
1160,[]
3535,[]
1768,[]
3915,[]
847,[]
3668,[]
4421,[]
4769,[]
3052,[]
1066,[]
1862,[]
773,[]
2773,[]
4001,[]
445,[]
459,[]
359,[]
1725,[]
2477,[]
574,[]
4318,[]
4409,[]
971,[]
1674,[]
1473,[]
2374,[]
546,[]
22,[]
1213,[]
608,[]
1512,[]
2662,[]
2659,[]
3445,[]
4056,[]
4333,[]
325,[]
1133,[]
376,[]
4985,[]
3314,[]
522,[]
1608,[]
1901,[]
3103,[]
950,[]
2136,[]
1132,[]
2160,[]
2018,[]
4962,[]
2103,[]
1516,[]
625,[]
3599,[]
3860,[]
2051,[]
1188,[]
1910,[]
160,[]
4496,[]
2358,[]
187,[]
1728,[]
2655,[]
3065,[]
4311,[]
277,[]
1483,[]
4980,[]
516,[]
3472,[]
2459,[]
2482,[]
4930,[]
1884,[]
3728,[]
1805,[]
3044,[]
3055,[]
4214,[]
104,[]
2458,[]
2747,[]
1261,[]
1415,[]
363,[]
4326,[]
1817,[]
4446,[]
4134,[]
4068,[]
751,[]
1412,[]
2863,[]
2155,[]
2767,[]
2907,[]
1753,[]
3478,[]
4418,[]
1665,[]
4493,[]
2315,[]
3753,[]
2723,[]
651,[]
3701,[]
355,[]
4912,[]
2879,[]
133,[]
4604,[]
2249,[]
1709,[]
402,[]
380,[]
4876,[]
2507,[]
4789,[]
3833,[]
3680,[]
228,[]
4757,[]
3299,[]
2215,[]
4841,[]
1009,[]
2413,[]
1276,[]
1994,[]
2238,[]
4621,[]
2164,[]
2936,[]
4913,[]
3278,[]
333,[]
896,[]
4601,[]
1031,[]
345,[]
542,[]
587,[]
2434,[]
4216,[]
3635,[]
3643,[]
4336,[]
3199,[]
2092,[]
775,[]
1138,[]
2656,[]
3731,[]
3932,[]
2379,[]
1746,[]
4018,[]
2166,[]
1651,[]
3593,[]
1932,[]
3981,[]
1950,[]
2137,[]
2213,[]
3276,[]
1788,[]
4989,[]
2990,[]
4530,[]
46,[]
3083,[]
2685,[]
29,[]
4974,[]
1002,[]
4429,[]
4548,[]
1778,[]
4183,[]
4535,[]
2076,[]
2498,[]
783,[]
3346,[]
21,[]
1552,[]
3987,[]
1845,[]
864,[]
2456,[]
3873,[]
804,[]
3743,[]
1947,[]
3913,[]
3832,[]
1467,[]
4469,[]
2719,[]
484,[]
1844,[]
1271,[]
1995,[]
654,[]
1602,[]
2968,[]
1877,[]
3665,[]
948,[]
837,[]
685,[]
3553,[]
213,[]
1288,[]
2576,[]
2792,[]
2062,[]
83,[]
3363,[]
3847,[]
1309,[]
1465,[]
3496,[]
3468,[]
1350,[]
3933,[]
3838,[]
4332,[]
203,[]
3740,[]
4754,[]
410,[]
1555,[]
3253,[]
4190,[]
1421,[]
3443,[]
1013,[]
2191,[]
168,[]
105,[]
4310,[]
3927,[]
3431,[]
2043,[]
4802,[]
1067,[]
3670,[]
4564,[]
4999,[]
1075,[]
3524,[]
2775,[]
3569,[]
4412,[]
1527,[]
4995,[]
968,[]
1163,[]
3212,[]
3252,[]
1337,[]
2877,[]
4766,[]
3110,[]
4867,[]
2245,[]
748,[]
465,[]
2256,[]
4948,[]
3896,[]
2455,[]
572,[]
2317,[]
2237,[]
3213,[]
2493,[]
436,[]
682,[]
918,[]
2157,[]
4411,[]
1891,[]
500,[]
3660,[]
2948,[]
2598,[]
1401,[]
340,[]
284,[]
2060,[]
2651,[]
1979,[]
2624,[]
1254,[]
1858,[]
2134,[]
3713,[]
3336,[]
1110,[]
1992,[]
633,[]
3323,[]
1761,[]
2494,[]
3398,[]
4665,[]
1250,[]
377,[]
2433,[]
3588,[]
4121,[]
4445,[]
2538,[]
3779,[]
3935,[]
4391,[]
3178,[]
2017,[]
475,[]
2836,[]
417,[]
4467,[]
1484,[]
1784,[]
2214,[]
3623,[]
226,[]
603,[]
2314,[]
2516,[]
2084,[]
1217,[]
2403,[]
3168,[]
3239,[]
4848,[]
2130,[]
2479,[]
4854,[]
726,[]
3475,[]
1083,[]
300,[]
2208,[]
2755,[]
933,[]
3983,[]
4674,[]
1010,[]
4031,[]
4373,[]
701,[]
1853,[]
2843,[]
2265,[]
3627,[]
3812,[]
4845,[]
2584,[]
3557,[]
4698,[]
4884,[]
336,[]
3136,[]
1225,[]
93,[]
23,[]
2798,[]
680,[]
4210,[]
3827,[]
3525,[]
2702,[]
2596,[]
4348,[]
2613,[]
3571,[]
1641,[]
3189,[]
2356,[]
420,[]
3285,[]
3393,[]
3262,[]
3318,[]
2635,[]
2789,[]
2861,[]
2600,[]
482,[]
652,[]
1033,[]
1051,[]
4092,[]
2942,[]
4668,[]
2090,[]
3522,[]
4823,[]
3870,[]
2014,[]
3104,[]
1667,[]
2063,[]
877,[]
2645,[]
1247,[]
481,[]
611,[]
3259,[]
637,[]
2322,[]
261,[]
1885,[]
290,[]
4828,[]
2293,[]
2095,[]
4180,[]
2734,[]
2715,[]
965,[]
2351,[]
4050,[]
3256,[]
567,[]
1485,[]
1940,[]
2628,[]
4633,[]
4690,[]
2342,[]
1228,[]
3333,[]
3495,[]
175,[]
3894,[]
2182,[]
3358,[]
835,[]
479,[]
2712,[]
566,[]
627,[]
401,[]
2741,[]
103,[]
617,[]
2246,[]
3633,[]
2107,[]
4182,[]
4605,[]
1400,[]
68,[]
76,[]
3112,[]
1149,[]
2988,[]
4487,[]
1598,[]
1524,[]
4055,[]
2903,[]
4122,[]
940,[]
2082,[]
4810,[]
2037,[]
3087,[]
3655,[]
3058,[]
113,[]
2537,[]
4872,[]
2884,[]
2540,[]
3009,[]
1557,[]
631,[]
2485,[]
699,[]
1324,[]
1631,[]
4631,[]
549,[]
26,[]
2703,[]
2176,[]
2152,[]
2824,[]
3813,[]
2310,[]
2401,[]
1824,[]
1109,[]
4426,[]
1029,[]
2637,[]
3401,[]
2149,[]
1857,[]
1367,[]
3284,[]
2904,[]
3899,[]
456,[]
3043,[]
1984,[]
73,[]
4796,[]
4596,[]
4587,[]
688,[]
2828,[]
1343,[]
3251,[]
2284,[]
2260,[]
2857,[]
505,[]
4986,[]
2250,[]
3463,[]
3217,[]
830,[]
710,[]
4833,[]
4943,[]
2417,[]
2623,[]
2349,[]
995,[]
4787,[]
629,[]
1576,[]
1612,[]
4343,[]
1166,[]
886,[]
2579,[]
3654,[]
1681,[]
1952,[]
3529,[]
4461,[]
876,[]
3642,[]
4195,[]
679,[]
386,[]
2966,[]
4251,[]
4458,[]
3523,[]
4156,[]
724,[]
2234,[]
2489,[]
3911,[]
1464,[]
4750,[]
30,[]
1729,[]
3791,[]
1488,[]
1085,[]
2170,[]
1005,[]
3296,[]
463,[]
1741,[]
870,[]
4959,[]
2615,[]
1445,[]
232,[]
4497,[]
251,[]
2642,[]
4194,[]
3749,[]
4088,[]
4801,[]
4619,[]
4012,[]
1579,[]
61,[]
200,[]
4029,[]
4831,[]
665,[]
1941,[]
4514,[]
2959,[]
966,[]
4681,[]
4241,[]
4518,[]
3269,[]
4850,[]
3764,[]
4963,[]
2307,[]
3901,[]
3138,[]
3877,[]
674,[]
3549,[]
3124,[]
3254,[]
723,[]
1501,[]
183,[]
4660,[]
2367,[]
4849,[]
2410,[]
235,[]
369,[]
1478,[]
4561,[]
1156,[]
4632,[]
2991,[]
470,[]
323,[]
4093,[]
4724,[]
1545,[]
3936,[]
927,[]
4439,[]
2665,[]
4143,[]
59,[]
86,[]
2490,[]
4961,[]
2704,[]
3606,[]
2226,[]
4836,[]
3100,[]
4839,[]
3858,[]
2105,[]
4725,[]
2275,[]
2115,[]
638,[]
2016,[]
1835,[]
2762,[]
1942,[]
1653,[]
3711,[]
1815,[]
1635,[]
2955,[]
454,[]
4515,[]
1695,[]
4009,[]
534,[]
373,[]
2316,[]
4900,[]
511,[]
4567,[]
3579,[]
4771,[]
4653,[]
2270,[]
2684,[]
4185,[]
1071,[]
1191,[]
1726,[]
4492,[]
2564,[]
3396,[]
1386,[]
2235,[]
2648,[]
1384,[]
2008,[]
4755,[]
957,[]
938,[]
388,[]
1568,[]
4136,[]
134,[]
4094,[]
1089,[]
4788,[]
4415,[]
4811,[]
696,[]
4226,[]
3412,[]
3843,[]
4735,[]
3499,[]
4284,[]
423,[]
268,[]
533,[]
3953,[]
2305,[]
2361,[]
99,[]
4452,[]
367,[]
85,[]
1833,[]
3158,[]
2088,[]
3998,[]
1069,[]
3452,[]
3997,[]
2242,[]
3492,[]
1134,[]
2211,[]
3308,[]
3736,[]
3068,[]
3321,[]
4361,[]
4158,[]
4775,[]
528,[]
3277,[]
4569,[]
2683,[]
2577,[]
3967,[]
2896,[]
2072,[]
4285,[]
1301,[]
616,[]
243,[]
4677,[]
2993,[]
969,[]
4470,[]
4911,[]
1607,[]
3558,[]
1405,[]
4499,[]
4371,[]
2338,[]
4506,[]
3454,[]
2251,[]
2241,[]
1093,[]
3077,[]
4733,[]
2397,[]
2515,[]
4759,[]
189,[]
2654,[]
3942,[]
4717,[]
3196,[]
3261,[]
1881,[]
4895,[]
852,[]
3709,[]
2219,[]
1446,[]
706,[]
